instance,size_class,n,CW_Z,ALNS_mean,ALNS_std,ALNS_best,ALNS_worst,DRL_mean,DRL_std,DRL_best,DRL_worst,imp_vs_CW_pct,imp_vs_ALNS_pct
CSDVRP-CS-01,CS,13,622.624530440473,509.3844115366912,6.646298552487618,497.5013256034832,512.7261348448862,515.2400927158775,6.727345354558181,512.2315324116955,527.274333932605,17.73026802376071,-1.1495603411814521
CSDVRP-L-C-01-n75,L,75,2241.2663028610536,1686.242172401818,32.97955827455952,1663.0196648338163,1744.127832555809,1679.334021846607,27.0017822155569,1648.0187307435256,1706.189129708977,26.46930315064422,0.4096772497019999
CSDVRP-L-C-02-n75,L,75,2522.216631308433,1837.3231883806977,23.80249443773729,1801.929582576677,1861.0655280473795,1802.710728822051,25.809306067832125,1781.3117445041548,1846.176390421517,29.37514873256244,1.8838525403444182
CSDVRP-L-C-03-n75,L,75,2213.5978958302053,1698.5233488511144,38.82448065336605,1652.4718543687757,1750.4005076859896,1661.4052420617318,11.230229329318405,1648.4918161291223,1676.7816345373471,25.52884969603484,2.1853162521721834
CSDVRP-L-C-04-n75,L,75,2545.311020005591,1948.81990789285,38.12111504673579,1917.0506986813566,2004.3925060249342,1990.8139373998288,29.692534557308466,1966.667778914274,2040.9300583855372,22.73369488220917,-2.1548440334019614
CSDVRP-L-C-05-n75,L,75,2136.8328602595584,1677.3129110442828,17.764227604909756,1649.1061980734482,1690.593838205034,1661.4979332181927,37.77458098152529,1618.7041802911044,1721.9197557695722,24.247506185650735,0.9428758177413588
CSDVRP-L-C-06-n75,L,75,2543.8299541207593,1788.597228610552,44.769737841396854,1737.8666208042557,1837.6862970994925,1795.0723122804143,40.382784814173526,1740.6736760720394,1847.577362982444,31.572718795440093,-0.36202022267988737
CSDVRP-L-C-07-n75,L,75,2618.3603731489056,1981.7797270590077,40.79408524451504,1949.2206526445486,2044.3082248640246,1898.6147547093337,13.557080246158614,1885.2654885172178,1920.2230496032514,27.998242417259377,4.196479114916169
CSDVRP-L-C-08-n75,L,75,2194.7613239638636,1472.6085084117117,55.64605278876471,1393.3257836166304,1540.3150179831432,1468.8907099006494,52.99093676399036,1400.1968074717508,1530.694041708393,36.20277557365937,0.25246346804502057
CSDVRP-L-C-09-n75,L,75,2580.3238320885307,1696.2097894396225,23.436172219112176,1666.5890134976719,1725.5944011179872,1671.9213049552793,36.03669267082535,1649.1743749235195,1734.8878337740596,36.086534782393294,1.431926913496198
CSDVRP-L-C-10-n75,L,75,2188.070338333561,1488.0899338295044,26.132466082394078,1450.9296144374975,1523.4476529024503,1487.0203991496041,19.833830706598246,1469.2728819202764,1517.881265315234,32.850747246120164,0.0718729866781549
CSDVRP-L-R-01-n75,L,75,2740.826700790408,2145.569823036003,59.46031412607985,2071.9972797509554,2195.063241705446,2083.0267529679927,17.59112271200278,2067.1700952192327,2112.9620359004375,24.578591757622036,2.914986471030399
CSDVRP-L-R-02-n75,L,75,3085.4840029491893,2155.6522326368877,71.54377877384653,2062.92358491232,2212.5949570268967,2137.542958337885,16.290908035914207,2122.932393850878,2160.6296350137973,31.196130272536777,0.8400832947367679
CSDVRP-L-R-03-n75,L,75,2757.2904761842665,2040.5389517026124,37.56319084976713,1983.5562637724097,2082.6934823447523,2061.1769698903836,15.566439021557978,2040.5074479100017,2081.711235896995,25.9959200695532,-1.0114003543304562
CSDVRP-L-R-04-n75,L,75,2786.47513819382,1986.5007391825443,37.90447620067684,1947.8937761107047,2029.8163078056843,1922.553854064124,41.29359648240689,1893.9042227010518,1995.5613288801665,32.0322583632068,3.219071800835818
CSDVRP-L-R-05-n75,L,75,2743.2389779104465,1909.607862304114,37.559459330976495,1861.9318905919092,1965.2476415467502,1880.1359107707394,35.718236055976654,1850.4650906079091,1936.8363737864436,32.544517429632485,1.5433509735246878
CSDVRP-L-R-06-n75,L,75,2692.5785702933736,1926.9016487253352,55.59599691687728,1860.422579034709,2014.599961794187,1952.949798541237,9.22098033413621,1944.8476804347035,1965.5615354773524,27.7700676261863,-1.3518152228025164
CSDVRP-L-R-07-n75,L,75,3090.6509251786656,2002.0963374524395,28.270581289998354,1973.7558284259794,2038.5002917580139,2002.1079497386286,34.66556366622267,1961.2235532223815,2036.7059363944732,36.54334958228884,-0.0005800063649232747
CSDVRP-L-R-08-n75,L,75,2743.668104327173,1808.5583495558044,24.595214740738726,1778.109470929448,1833.3631323585253,1800.8670500476128,36.5843678988205,1746.1468704587662,1847.5039046567413,36.35721216772419,0.4252724005327584
CSDVRP-L-R-09-n75,L,75,2709.475365192058,1808.5119535548438,30.863614110520153,1786.7290827032389,1856.3509661921785,1833.8976226372022,22.166437806232818,1804.7512133947716,1856.268339951986,33.39111930745146,-1.403677151951352
CSDVRP-L-R-10-n75,L,75,2793.8067969487906,1931.8124271200218,31.215186986055723,1882.3835001369437,1967.5081726719502,1930.6494285194756,39.08079638367403,1894.9596480778864,1976.852602610905,32.17284566178896,0.060202459836124274
CSDVRP-L-C-01-n100,L,100,2476.8602241275316,2033.333162575123,71.35275316351391,1962.46571461296,2138.086591205512,2013.6591192674157,29.31467403560037,1971.6878067873,2053.1258115289406,20.395677253777112,0.967575981635543
CSDVRP-L-C-02-n100,L,100,3603.7529914524503,2464.740919574242,55.38265490972995,2396.7770152623975,2543.389236075669,2380.334259265347,33.1373330432391,2341.7293188626622,2425.8871921551654,35.019705168004435,3.4245652205699297
CSDVRP-L-C-03-n100,L,100,3072.6413011182644,2458.5915223069874,12.020225014938,2447.2366887457124,2477.406820471472,2439.4597320888615,38.140926639017216,2411.080983613671,2502.2397299956624,21.53067190966364,0.7781605868458286
CSDVRP-L-C-04-n100,L,100,3010.917388292708,2282.6732608611674,58.59098199544243,2206.5609360331036,2342.7785659414003,2238.487906847261,55.2127225935347,2158.3404221799033,2297.250635397954,28.316185938141754,1.9356845664909959
CSDVRP-L-C-05-n100,L,100,3083.585596411069,2437.301543330813,26.559402841119688,2416.210481742521,2480.9044993917646,2422.2171877255278,41.35413657975126,2374.1570045707176,2465.7341690467642,23.006612583287552,0.6188957474942061
CSDVRP-L-C-06-n100,L,100,2480.2694278717413,1917.2617682621246,57.77663059941089,1866.7726018441374,2010.9750036720445,1908.2585085284984,18.679269231685815,1882.3399513197387,1929.1247685385179,24.10744049952151,0.4695894886480273
CSDVRP-L-C-07-n100,L,100,2503.4964872862583,1920.5129398398858,106.3114244526081,1809.8714205476065,2066.5585197440487,1898.3967720955363,30.84148351992133,1862.0359583445686,1935.4883261613797,25.622585539835153,1.1515760860321673
CSDVRP-L-C-08-n100,L,100,2886.294561942676,2277.312326030583,24.285885501913096,2239.444487953132,2300.303720400221,2298.029280566988,39.89225951011298,2229.050546154191,2330.6578948650294,22.771203759124088,-0.9097107278436054
CSDVRP-L-C-09-n100,L,100,3136.908583306223,2161.9882913899028,93.07966435412101,2040.1617941246159,2287.4085345305984,2117.4704322773223,71.25966707209841,2069.5106376946296,2241.551679862199,34.027065732549424,2.0591165682937516
CSDVRP-L-C-10-n100,L,100,3150.4292617857136,2138.4543075198226,61.090828826304524,2085.478064744752,2240.652358884462,2153.7059834001075,32.08630848845438,2110.480884381544,2199.802448595011,33.00973584833675,-0.7132102765372514
CSDVRP-L-R-01-n100,L,100,3982.8013683110457,2811.5219490952645,42.823072003722324,2748.137059791295,2846.0349639215733,2858.2860844481097,19.47987015965944,2829.695633780116,2880.5944680719326,28.95212760810911,-1.6633032286265337
CSDVRP-L-R-02-n100,L,100,3720.5928867701705,2722.1011912099257,40.40138708756977,2677.561243234404,2773.941923564816,2681.876558794039,12.325217212167434,2662.8781153935897,2693.116632906301,28.428661871005673,1.477705257459871
CSDVRP-L-R-03-n100,L,100,3759.7525980390465,2617.87444589593,40.102900474969516,2578.563696985696,2684.9056385180647,2567.1315572038957,19.167243115569594,2547.1463667218554,2597.917510370298,32.25228787526188,1.9383240006633802
CSDVRP-L-R-04-n100,L,100,3710.219762526976,2539.849575255636,27.611260605125654,2517.4572720537317,2586.2772256207377,2500.9282213582474,17.097649215986845,2478.892468828277,2525.1853603130958,33.18744905989235,1.5324275215578924
CSDVRP-L-R-05-n100,L,100,3584.03909007109,2589.042696534926,21.845449551219026,2561.5898030856097,2616.595865992832,2556.5696616857304,17.562716687644034,2538.3598321729205,2577.4923915019713,29.176000362134115,1.2542487187506177
CSDVRP-L-R-06-n100,L,100,3477.816541776882,2546.778433531961,64.67850290193472,2490.2147566730205,2644.8747082806326,2548.411604817829,69.43477662053537,2451.1781676058354,2606.4287181479094,29.51962421935338,-0.06412694816183268
CSDVRP-L-R-07-n100,L,100,3529.145557734034,2653.4108326453897,27.71476946105054,2612.423852184504,2689.5959082314935,2612.089096675421,32.29860759732539,2556.7952701000563,2641.8296585847975,27.552002934622415,1.5573063719187425
CSDVRP-L-R-08-n100,L,100,3577.429847001624,2533.382487279112,58.2339096999345,2493.713702190222,2636.3933219728474,2479.523578205278,28.05803289033298,2446.0703802683283,2518.3941653110046,31.62492390120605,2.125968318809962
CSDVRP-L-R-09-n100,L,100,3441.20756031646,2542.8188237960876,12.704308100834094,2533.1087572934,2564.387446995894,2518.97723003977,27.966459241168227,2488.0956660182296,2556.8186268831355,27.69701849110724,0.9376048947413957
CSDVRP-L-R-10-n100,L,100,3969.7801158688176,2863.9398827107484,83.6288434520663,2785.0170513862936,2993.6045860486793,2845.5058074701947,33.062142150981586,2803.2554017079697,2883.101668851417,29.385121596477763,0.643661389397102
CSDVRP-M-C-01-n30,M,30,1212.1594450880114,811.4088178590598,35.85834320161955,793.9751279755328,875.5125270335179,800.3734071830083,9.354548830408824,791.4467897850657,810.9496375307742,34.70769930538296,1.3600309034315055
CSDVRP-M-C-02-n30,M,30,1438.9532370579223,788.1914272522985,49.20736782948808,742.4264977528375,842.3850310826961,849.8626836136976,14.572757199157156,837.7875967885142,873.9175973737957,41.77798310517365,-7.82440080278345
CSDVRP-M-C-03-n30,M,30,1128.8886809469243,820.2361451682442,16.685432700144275,804.6188395451844,842.4286319054783,856.8318135801217,21.290591986330288,828.7028820397468,878.157001501986,26.59126661234466,-4.4616015311506505
CSDVRP-M-C-04-n30,M,30,1215.5437422497532,860.8107347583962,12.525952808055976,851.0146144253146,880.5282267416217,861.4783751527626,6.451958998657234,850.448573482929,866.7577870786317,30.03554344256659,-0.07755948751659618
CSDVRP-M-C-05-n30,M,30,1219.7981740048256,804.3196933586029,23.95267123669177,774.3814702968774,841.0395360225774,846.295984842639,40.98317699003895,792.3335595425036,886.5187217586857,35.04388050187644,-5.218856610206251
CSDVRP-M-C-06-n30,M,30,950.2190721804751,701.981398681682,25.107677537334368,663.5633764330629,729.1432806012441,688.1755888923874,20.817153519936664,663.4804615997878,713.2603589124461,30.17605297299559,1.9666916837428792
CSDVRP-M-C-07-n30,M,30,1117.0543413268083,889.8585450269582,17.20222250153019,873.8523108248573,915.2253291846139,891.7883822006212,10.680606998410504,877.9082951538828,907.709446288325,21.40863137319479,-0.21687010642849613
CSDVRP-M-C-08-n30,M,30,975.5146638532301,702.4522434075308,11.541424731836855,684.1842044140602,713.9062455638837,717.8470410051807,11.22219688452741,711.3108631570875,737.6322651287516,27.08352939078864,-2.191579248572286
CSDVRP-M-C-09-n30,M,30,1027.4498944609213,828.6268714235688,25.530292417681164,793.2870048769962,858.4636904982157,809.5323005843263,5.164997563031709,804.4553204934517,817.4912443309925,21.703693306082783,2.3043629765998626
CSDVRP-M-C-10-n30,M,30,1043.4053520513783,722.1041118657029,16.998656272394033,702.0377131194265,740.9010513043228,726.556878942756,34.55947024800944,701.6823156359486,772.4546720272309,32.750745982238634,-0.616637823256338
CSDVRP-M-R-01-n30,M,30,1430.7494846848451,994.0744837139285,22.26281463385704,969.4311965417127,1025.9647096225258,976.7821668518534,11.019552455111086,968.0871987037104,992.3982733072602,32.33705767037522,1.7395393549857456
CSDVRP-M-R-02-n30,M,30,1508.5859139269169,1120.9706478361363,67.66220627289151,1040.8891079036257,1217.6449343481786,1155.0806758038648,19.26681148010119,1132.5638312808353,1181.5643281628397,24.925466900806413,-3.042901081627132
CSDVRP-M-R-03-n30,M,30,1451.3737588957204,879.3740603744776,95.3278533502387,818.5932366447649,1046.485612413989,866.4516105531799,34.66016773546115,813.522772274673,902.8014913862113,43.94808592284024,1.4695054588936547
CSDVRP-M-R-04-n30,M,30,1687.678591090477,1118.3387281338764,45.19537525267754,1046.4575894124673,1159.9829874854415,1127.3956292013836,18.133753257742608,1110.793292536072,1153.5373610166578,34.18217790993345,-0.8098531187076057
CSDVRP-M-R-05-n30,M,30,1323.406802695337,887.7852717697846,31.664357773627742,854.3281990155247,926.4813766489372,940.6803096898482,13.989029795033405,915.8049048222858,948.6275214093936,30.7994410367925,-5.958089146333579
CSDVRP-M-R-06-n30,M,30,1391.472732972273,1018.635687479116,42.109753140451446,963.1218934678213,1073.6461698063588,1011.7179971199208,42.72339629913164,978.8175821665517,1082.5320325466867,29.655999792699067,0.6791132928313957
CSDVRP-M-R-07-n30,M,30,1449.07973966115,993.479312117723,7.436170781799893,980.181356055472,997.0480362560818,994.8008266730598,11.130358816625213,975.3917562282813,1002.2435704482249,32.68888319035051,-0.1330188298053023
CSDVRP-M-R-08-n30,M,30,1307.9254802854075,876.1082522526488,42.712062050569024,845.6180411020458,941.7081323335264,859.4392338255296,21.974778568445085,833.4528638763575,891.3614735321069,36.27673163042237,1.902620867256957
CSDVRP-M-R-09-n30,M,30,1389.4344533122587,1001.2807572439617,10.268924403201071,986.489466527135,1015.4712181696711,1010.3200890385858,19.349313193788554,1000.4993163796528,1044.9022946364785,27.992334291511728,-0.9027769413550882
CSDVRP-M-R-10-n30,M,30,1116.7584959246205,792.4180686490006,10.222706623967904,780.2782831245219,807.4767661578061,799.6534068553061,16.8365706670593,776.1393809386482,820.2562293539928,30.500696097588825,-0.9130708261916729
CSDVRP-M-C-01-n50,M,50,1744.0168513686958,1271.7503756667,31.08723915481471,1249.3894566263116,1326.3425386418032,1252.8109807134965,17.82699423157495,1227.551382125532,1272.7899305436551,29.613559572996344,1.4892384005213812
CSDVRP-M-C-02-n50,M,50,1574.3833311176431,1299.112288114687,38.67490537457667,1252.6034025799304,1357.182553842266,1265.776652533931,45.48133084421125,1203.9479460729788,1314.9961233397717,23.528919401204217,2.566031888523962
CSDVRP-M-C-03-n50,M,50,2011.0735749613918,1423.6744759812964,25.413296353929542,1382.971901241135,1451.3551102629358,1400.2394300118656,13.225885689083363,1388.3532230092853,1420.4493063947127,30.964573335615597,1.6460958150758251
CSDVRP-M-C-04-n50,M,50,1595.5467809572106,1245.9206527293795,50.16889242347538,1178.1174300547823,1291.508185188876,1197.8729340689029,27.44169639868109,1165.4945340681402,1235.22321548595,26.953283477596983,3.8564027777548118
CSDVRP-M-C-05-n50,M,50,1652.795316942775,1295.636603897889,28.920031307697165,1250.330054100437,1330.066646863405,1260.3579244827808,25.849134043415823,1224.4309902558878,1295.9162935276952,25.917566579220804,2.7228838170342815
CSDVRP-M-C-06-n50,M,50,1916.3182225808769,1344.4954886411151,58.982904876801804,1303.9316873951973,1446.971336653083,1298.5508248824713,24.14525049225903,1274.1769784633427,1335.7809463811404,33.50911328561627,3.417241942929852
CSDVRP-M-C-07-n50,M,50,1939.7376021299312,1324.8658588748597,25.86444765274526,1281.005362673305,1342.5205771829271,1317.2091223640807,20.84258212881144,1282.2868606738286,1333.863184163363,33.89379783812965,0.5779254148251226
CSDVRP-M-C-08-n50,M,50,1511.8668124308863,1161.1695491313717,24.020317047717786,1136.9930144223001,1191.705004448725,1174.7802253358266,29.26705225345061,1129.9400653277619,1209.6315380373564,25.261930744351453,-1.1721523540327528
CSDVRP-M-C-09-n50,M,50,1848.009281036272,1432.399103090706,20.598687852467645,1400.5058707022429,1454.0039747942412,1437.4790328571858,30.44360309285124,1384.442586166149,1461.0915604033348,25.084651880653848,-0.3546448580928881
CSDVRP-M-C-10-n50,M,50,2281.157029657774,1690.9118072478482,67.53132457225908,1610.9175140084885,1785.343473786659,1668.1955178891924,38.096687549203516,1626.8317499952052,1711.243227410962,28.683920973241044,1.3434343093049388
CSDVRP-M-R-01-n50,M,50,2411.182933145678,1598.0986321616588,27.422955861382974,1567.398540382712,1629.5929190837542,1581.4740255498527,40.02534985438883,1527.1625508487211,1634.5416536042808,36.663347693144374,1.0402741280942625
CSDVRP-M-R-02-n50,M,50,2231.4109526923216,1545.1458510734396,34.98715323159141,1515.0582967744335,1589.193225505682,1537.1590034899698,41.62717587985774,1481.7830567892875,1581.3929872592398,33.59434509356362,0.5168992673359121
CSDVRP-M-R-03-n50,M,50,2026.6113989626363,1487.2761589543175,28.268727168674268,1445.7448176854525,1517.9108915042177,1490.0941244699711,51.42594675133326,1421.022988205416,1552.7522342402256,29.881821994448643,-0.18947157181857466
CSDVRP-M-R-04-n50,M,50,2310.110595779001,1541.7437180867294,102.98489626618166,1399.4616733791179,1634.4386510779336,1460.9139556555642,21.063983770266752,1436.5594905657738,1488.0819149363078,37.81425472916173,5.242749588204784
CSDVRP-M-R-05-n50,M,50,2095.8203030283485,1515.4948922760382,34.51504084298447,1474.4370841022537,1569.7317410112316,1513.8492029477782,28.49577303080472,1487.8637534637312,1558.0921188838952,29.0080475261239,0.10859088583191692
CSDVRP-M-R-06-n50,M,50,2487.812749239383,1731.619308527416,56.492631100405774,1686.066768415654,1826.7864174676843,1634.4748635642384,15.361004389063707,1617.3883159827278,1652.7537350466134,34.987538090347684,5.610034750986355
CSDVRP-M-R-07-n50,M,50,1990.6547949476071,1643.1763690366647,49.23643555470711,1599.1865681363897,1721.2863355322554,1639.7606771368107,35.34921595717067,1598.110673295226,1674.0680167324376,19.71934675206771,0.20787128906049687
CSDVRP-M-R-08-n50,M,50,1971.923945787721,1483.480174781312,27.74664593330702,1452.9147895933827,1516.9749743344203,1527.8126815327832,19.120392604264204,1503.4407719863414,1547.8187410306875,23.75766949846717,-2.988412484717339
CSDVRP-M-R-09-n50,M,50,2374.6653229812205,1683.4915814350195,63.35357105475126,1632.3324049386295,1791.0837607390154,1651.935128787005,22.33449722626203,1622.9519730385987,1685.2668764313619,31.655549212252787,1.874464535255687
CSDVRP-M-R-10-n50,M,50,1976.532407168099,1529.0095839499165,57.27417191397561,1453.9409269655591,1589.3959378715635,1521.7259249015715,60.946139875275456,1464.559332987164,1614.6487256075948,25.90258941994636,0.4763645123485128
CSDVRP-S-C-01-n10,S,10,495.6101449447587,454.13762034759594,0.10664746653017333,454.03708684648336,454.2489987766725,455.4551903248468,2.6092742367887736,454.24899877667247,460.1222692271746,8.345500307040002,-0.2901257060012756
CSDVRP-S-C-02-n10,S,10,448.800087777915,422.3454407112505,3.2374467997668672,416.59380133617253,424.1616866321719,423.8747439060492,0.3938947677747174,423.40501447786806,424.1616866321719,5.658437685648019,-0.36209771608361796
CSDVRP-S-C-03-n10,S,10,446.30495838309685,383.7793640325723,17.36533914371868,370.9603054383254,412.4285863859685,373.78278884533984,0.0,373.78278884533984,373.78278884533984,16.24946534327002,2.6047714192324363
CSDVRP-S-C-04-n10,S,10,467.69902740956803,369.07920335395295,0.15228769640057127,368.96798814522083,369.2460261670511,369.19041856268507,0.12434238342842734,368.96798814522083,369.2460261670511,21.109951801949673,-0.03013315508472636
CSDVRP-S-C-05-n10,S,10,586.6228517853649,425.88505026842506,6.824756140818943,417.5013121934838,432.12525447129406,420.6405775931291,7.931149985423664,415.58288489564194,434.611208882255,29.156717364345617,1.231429154883581
CSDVRP-S-C-06-n10,S,10,517.3326573260744,450.9826507926535,29.677387139068387,411.85407737329365,479.15792294382345,469.9438013402485,19.38646273286197,440.0814162911141,487.2367531406043,14.932604764262706,-4.204407977617019
CSDVRP-S-C-07-n10,S,10,406.96280987630223,325.44194783406726,0.40777759235629896,325.0523193991671,325.8645373987922,325.0523193991671,0.0,325.0523193991671,325.0523193991671,20.12726678932458,0.11972286839273885
CSDVRP-S-C-08-n10,S,10,380.188834852832,311.3562248977045,7.074653506195166,298.853250874893,316.2445624020836,317.5791604709798,4.68238401376485,309.83025667771733,321.813185803786,18.506218943107545,-1.9986546199035522
CSDVRP-S-C-09-n10,S,10,412.4989811359564,410.37367450185195,4.752330106888854,401.8724479654341,412.4989811359564,412.49898113595634,0.0,412.4989811359564,412.4989811359564,0.0,-0.5178954611755436
CSDVRP-S-C-10-n10,S,10,352.74651784297583,323.8735871237651,24.46389237847161,297.1031176330654,351.4291156246928,326.99495283992024,21.45830131265806,311.24421780348735,352.6574131375138,11.765474055781644,-0.963760504175458
CSDVRP-S-R-01-n10,S,10,719.6865356575329,635.1974369455245,29.824979285160158,606.3367041253044,675.5460129425609,650.5533082711971,20.14177100886145,621.1191999052844,666.3522158261972,13.695870475358223,-2.417495794616939
CSDVRP-S-R-02-n10,S,10,570.6765355397357,423.8022833927827,0.2015286562897861,423.71215703780706,424.1627888126852,424.1817648391615,0.20152103358768977,424.09164189316186,424.54225662316,25.68616098924349,-0.08954209574822927
CSDVRP-S-R-03-n10,S,10,531.1128890149255,472.85880451666696,6.708203932499361,460.85880451666696,475.85880451666696,422.24819653497724,29.97073123768591,408.5740160529113,475.8588045166669,23.072095499186908,10.703112112593823
CSDVRP-S-R-04-n10,S,10,418.42643312203063,382.7583943055275,0.034100180086168545,382.72836193581185,382.7955834528956,382.7734104903853,0.04112351587146019,382.72836193581185,382.8034428601009,8.531504790426979,-0.003923149715647344
CSDVRP-S-R-05-n10,S,10,516.1183735217078,446.42926672497094,0.4865168193164951,446.0078639830273,446.9690293798645,446.96270752498657,0.014136097250945726,446.9374201054748,446.9690293798645,13.404086536230093,-0.11949055310127318
CSDVRP-S-R-06-n10,S,10,543.0450315037011,472.496443310262,11.77377659230359,460.066841948992,485.7154968359261,495.1449033868219,9.418080010010408,479.32725257662247,501.0674017887649,11.733424528467376,-4.793360965404754
CSDVRP-S-R-07-n10,S,10,576.5873289790935,503.2728262766556,6.837486463605505,491.06968531342034,506.76721075402,517.3830728588521,22.109782143933796,499.9105243802257,554.7190794484677,13.298385300043256,-2.8036972881265534
CSDVRP-S-R-08-n10,S,10,464.1825123033196,396.1838218859442,0.08732332893918182,396.08816397183136,396.24759382868615,396.24759382868615,0.0,396.24759382868615,396.24759382868615,14.635389458670826,-0.01609655397799056
CSDVRP-S-R-09-n10,S,10,485.696422828172,413.2792338558873,0.045925652430146055,413.22936373722104,413.3174230440198,427.3019784546824,20.201306204771424,411.14145391198997,449.4108257900906,15.350116947959863,-3.393043601045028
CSDVRP-S-R-10-n10,S,10,564.494889392258,422.0376936966795,7.410927156713582,414.5278570379818,429.42786454978886,417.5684689090869,6.6794911338676615,414.42786454978886,429.5154942193687,26.58430176472157,1.058963418278149
CSDVRP-S-C-01-n15,S,15,864.3675223228171,591.8203826158922,25.011560730947384,580.5886526186073,636.5622787323675,616.6537845744333,44.152175477424,565.619775584976,675.4944937313669,34.562583510196625,-4.196104542526154
CSDVRP-S-C-02-n15,S,15,524.863851226263,432.5218262704401,5.268079424264271,424.0204991230683,438.58281974104995,470.6405141994687,34.14411058801611,433.5085558057604,499.13334362194956,17.405522443023106,-8.813124705802569
CSDVRP-S-C-03-n15,S,15,656.2676427226662,526.4098944951581,16.440761412515805,503.7729643898659,544.8376299794528,543.3273107784951,13.468621722760789,521.6876686819631,556.9616111159039,20.506873305892295,-3.213734479584813
CSDVRP-S-C-04-n15,S,15,597.1440434594197,455.37029880865873,7.542987444400827,447.1800179840554,461.90200547109583,449.93691632699137,6.6894614627326705,446.8157827783379,461.90200547109595,25.174539096159915,1.1931789350078823
CSDVRP-S-C-05-n15,S,15,493.5326787116858,446.47112635428846,11.304049336957581,429.54183142104824,459.1471528708323,448.4596541938703,6.264057583805119,442.58736172460505,459.16821821118083,10.322582310064659,-0.4453877803519735
CSDVRP-S-C-06-n15,S,15,509.2432359409055,446.0889390159796,6.547713052642667,441.96879141846017,456.9687914184602,453.9365032338639,6.686560698366159,441.97593264763447,456.9687914184602,13.209267899058943,-1.759192737483055
CSDVRP-S-C-07-n15,S,15,698.6587264552202,634.7539773407327,4.457424265371245,629.9004554084676,638.7783871053756,651.096132605717,18.915254079896982,630.7252670791322,673.333012944892,9.723410987902703,-2.5745652407644384
CSDVRP-S-C-08-n15,S,15,843.7804407154298,708.6275259737256,18.39070739173036,687.8299104697737,728.0470584607096,713.2980103954295,6.6212920163856035,710.0142828791691,725.1333215176932,15.853194904926008,-0.6590887667376739
CSDVRP-S-C-09-n15,S,15,570.0156804070427,475.24807132704893,6.173205876197383,468.38542525680367,485.07408422833447,480.74541141550606,7.287526463874221,475.3466290246422,489.2432604240774,16.608148624051584,-1.1567306466087783
CSDVRP-S-C-10-n15,S,15,520.2568922917244,487.90606671491133,9.240019568398491,477.94622004389026,497.6310233400987,492.9462200438903,0.0,492.94622004389026,492.94622004389026,5.249458998521097,-1.0330171467050036
CSDVRP-S-R-01-n15,S,15,595.2369594514141,497.8950971677411,6.986426558505959,489.9055927762296,505.612505027429,502.6554092594023,3.0811906767314965,499.2801339841614,504.9055927762296,16.120777438902486,-0.9560873603174795
CSDVRP-S-R-02-n15,S,15,952.1363063837338,763.4266745273801,47.43615313268017,734.5218395941089,844.7112396187575,860.8340556579667,32.010159788203644,825.9921883517015,889.8314669395779,13.248535654641143,-12.759232075678947
CSDVRP-S-R-03-n15,S,15,860.5752259282527,737.0310378716983,47.64710110669497,683.8259888094217,779.3820289175769,739.8705613186879,32.169943973814775,683.0331994851404,762.6007181308158,20.63062252943757,-0.3852651111124408
CSDVRP-S-R-04-n15,S,15,668.6518366744041,610.5715431593128,11.022557773979383,597.645339670273,624.6082733278163,621.5672269333677,23.032395036067584,607.7124410296141,662.6010679942153,9.113770770133108,-1.8008837616570443
CSDVRP-S-R-05-n15,S,15,775.0795219892228,638.2670248581127,48.935579517709314,588.05428604185,714.025182822546,610.5125318621662,10.60673498528704,595.1487043680968,620.5480420742468,23.21449767623043,4.348414051644979
CSDVRP-S-R-06-n15,S,15,743.0012951289639,612.3042777435724,5.598856011544162,608.2819664639622,619.760127228691,621.8824473185182,10.062625069958793,608.620466242598,631.9116554807221,18.086217314472,-1.5642826488560129
CSDVRP-S-R-07-n15,S,15,1003.1869000932579,894.3243528324368,27.95515227336467,869.9475115444393,933.472572559768,906.0634454072766,24.142059055552036,881.5149648719644,945.332948158684,12.12854107345129,-1.3126213702736167
CSDVRP-S-R-08-n15,S,15,787.6442375169962,644.5971073808765,4.676335964694639,636.2473265587594,646.9684361080592,646.8155992655584,1.0552559799932715,646.1919496785957,648.696277796703,17.95890595027024,-0.3441672106932039
CSDVRP-S-R-09-n15,S,15,896.349331873421,743.397081592089,22.456086973341527,716.3221893969848,771.0108872569762,757.4605190997911,10.623177243230668,743.0050871811449,771.0174103956607,17.10764310737845,-1.8917800265752067
CSDVRP-S-R-10-n15,S,15,749.6450110491651,579.1896255129911,6.605556638519071,568.4773761066093,583.4773761066093,583.4920152299665,0.032734074957517525,583.4773761066093,583.5505717233949,22.166176322576465,-0.7428292095468154
CSDVRP-S-C-01-n20,S,20,853.2945186760466,755.3951139096965,8.303033479550177,747.32218740862,764.51880675182,756.2054563194627,14.719949057130727,735.4409916075793,771.5142929008919,13.811588436232569,-0.10727398084057424
CSDVRP-S-C-02-n20,S,20,786.0506189516218,669.3897310875484,3.691683747587505,664.8967789553669,675.1965836616017,680.1853066108339,14.181802548560015,669.21337890095,703.1958537077784,14.863831569333403,-1.6127488997696555
CSDVRP-S-C-03-n20,S,20,750.8866474427401,690.3539181886501,2.181684171128913,688.6238193833447,693.1773904809484,677.5770789807588,2.259188422141742,673.5357198720473,678.5874187579367,10.301278872666513,1.8507665229763948
CSDVRP-S-C-04-n20,S,20,749.8111924013352,686.1672063514409,11.948827138485605,670.7889924687805,699.9296911121272,692.4228782555144,5.308542153323752,685.8559545997151,699.3853550916538,8.529512289193487,-0.9116833107394998
CSDVRP-S-C-05-n20,S,20,770.2932143080099,646.4634856957457,12.635961028215315,634.423439257058,660.7710802573981,669.8319852105802,22.646542782957773,637.8698144084408,699.5127692261115,17.1912977343999,-3.614821259345307
CSDVRP-S-C-06-n20,S,20,716.5060921714735,679.0287216135874,23.329751798192934,643.6415241223577,707.7846962340312,682.0761759940921,17.953749149243333,666.9239815937758,706.1022829940136,6.91998450807753,-0.44879609411261945
CSDVRP-S-C-07-n20,S,20,875.208401114076,776.4450839108835,41.115144350186874,730.1419947358173,818.2933425861311,745.1794475737249,53.26696624987729,715.9747022394678,839.8728380193689,18.19380374684651,4.026767247939333
CSDVRP-S-C-08-n20,S,20,769.3460171766627,678.6860884941395,5.7165252528392,668.4610632241767,681.3580447239466,681.7610398505616,1.06810846386239,681.1033332597777,683.5802541036933,11.469830472472838,-0.4530741691265122
CSDVRP-S-C-09-n20,S,20,851.0221212783177,765.5728770750305,10.866131153201353,756.2789273227476,781.6713819181309,758.371114763613,10.241092194434438,745.546556022194,774.2120137635883,12.39398631585384,0.9407023847204141
CSDVRP-S-C-10-n20,S,20,1005.926636224709,789.6454451429726,0.9489930163602021,788.523728994751,790.4960446841754,803.0968379680397,8.656085170414698,788.842955307235,812.2001365964799,21.58046850535736,-1.7034724771484828
CSDVRP-S-R-01-n20,S,20,830.531802110401,738.5556968203103,7.178763889999562,731.0762855833422,750.3468245088324,752.5066391736775,12.928773724619397,733.5219937308862,764.6971007730258,11.680444762381242,-1.8889492577783762
CSDVRP-S-R-02-n20,S,20,996.5892643969403,790.2780587143078,8.208626839783486,781.1085214758585,796.3915130363316,793.6988116826745,9.60269897308217,777.8088790122953,803.2466828064063,21.952914124259024,-0.4328543517875109
CSDVRP-S-R-03-n20,S,20,894.8218198414928,815.6801778587029,9.01241525453083,804.3906865071292,825.8934045125693,810.6290951435831,5.304841679016377,805.05771360362,819.459934997578,10.031506188994532,0.6192479420524563
CSDVRP-S-R-04-n20,S,20,816.8879676848019,731.3387835128891,8.835171125435496,722.6970209321989,741.0843104694181,734.8160155091327,4.671387282098477,726.4595838995326,736.9051234115328,11.069863599724519,-0.47546117813432615
CSDVRP-S-R-05-n20,S,20,728.9746342850686,686.2329621805025,11.152906029811438,666.8067815897864,694.3320097095904,690.4663339201217,7.160597343691107,682.0906106398716,697.1016991994494,6.431502749225001,-0.6169000868404338
CSDVRP-S-R-06-n20,S,20,906.4348736674764,763.729039782552,13.718094985914956,751.0100432260176,784.1936854297347,771.2581478537905,7.800430721587303,766.4469947073542,785.0158329936464,15.443787857998547,-0.9858349858455283
CSDVRP-S-R-07-n20,S,20,854.812503159845,796.718202395083,11.521206939873537,791.4310226438424,817.3259098104019,795.0000149982709,7.488140088708306,791.4947208531781,808.389869244413,7.40721293530575,0.21565810742706143
CSDVRP-S-R-08-n20,S,20,801.210080717529,635.8761992306906,33.42915161560835,609.9648106709353,694.5372522868222,621.9863688577698,6.6513346353068465,610.0881004222182,624.9648106709353,23.85416570447419,2.1843607906264397
CSDVRP-S-R-09-n20,S,20,894.4195604113078,808.3634976834649,7.654084966799069,796.7793217040097,818.1743619269387,806.4367555235563,5.175464161311363,797.7521635636192,809.6432796630558,10.80783573239779,0.23835096035757217
CSDVRP-S-R-10-n20,S,20,810.6590461490186,733.424209476325,17.133022070421397,716.212355720436,756.8408207395538,748.4330800537182,10.256294418190762,740.3517771736166,765.0737306163942,8.672853193878735,-2.046410574326379
CSDVRP-XL-C-01-n150,XL,150,3906.834757632553,2137.271858517717,113.28377449263918,2024.1132659711566,2297.065767336891,2179.690200174211,70.72379994144643,2072.8563315692936,2249.7091542810513,46.94282046304426,-1.9846956524245163
CSDVRP-XL-C-02-n150,XL,150,3243.2546896147346,1812.6259664752895,38.23636640420988,1767.3469642725504,1872.0981474372622,1816.2962718050505,53.95445444108532,1772.480137636112,1877.2569549317407,45.34872197019271,-0.20248553191026378
CSDVRP-XL-C-03-n150,XL,150,4052.9981332830957,2414.868912647114,92.22488697724518,2352.793854593136,2576.6120031965893,2292.826617128755,69.75120221025924,2221.70697935282,2394.105525100636,45.183617009141194,5.053785523479181
CSDVRP-XL-C-04-n150,XL,150,3521.623871464047,2142.942319425189,90.7675222984489,2041.9203613526638,2274.205309983755,2095.396403252399,72.29380920270332,2016.345868142069,2188.39073043086,42.74386073763715,2.2187212293023073
CSDVRP-XL-C-05-n150,XL,150,2965.5902200735845,1683.8334104769813,58.539573255605674,1612.9951430745868,1755.709275850847,1681.9117857728234,46.09484543452124,1639.3613825973785,1760.7992256969792,44.720569568215616,0.11412202015955843
CSDVRP-XL-C-06-n150,XL,150,4288.658000209644,2370.338259127976,59.95990754050736,2303.2814066281967,2431.983578534729,2314.9736009769017,52.43981837536764,2239.049129044545,2360.2548261982765,47.79138068516788,2.3357281576951983
CSDVRP-XL-C-07-n150,XL,150,2991.687386720327,1806.1677536577288,59.0866380952395,1737.1211052363763,1899.9266422767305,1739.8641498835495,34.24625175278766,1693.951023038951,1784.911117635884,43.378073840262935,3.670954906591908
CSDVRP-XL-C-08-n150,XL,150,3560.6915013142248,2060.830523157322,87.40667028863528,1966.0886492935226,2151.0018343018664,2007.8579717729415,39.29201905865416,1966.0914904094993,2063.29417345182,44.78343631612484,2.5704467586797692
CSDVRP-XL-C-09-n150,XL,150,3118.028039766945,1943.8527313864317,35.53322717464032,1885.844241789525,1975.7116563901957,1905.1889762900337,22.650510840635988,1881.7353894485232,1927.0869563825343,39.64982465041679,1.9890269706194028
CSDVRP-XL-C-10-n150,XL,150,3632.2030517112134,2026.338844890286,89.43256122479846,1912.5857393542708,2127.395294194186,1962.3596922099782,55.383101033270584,1884.0029639368988,2020.7626757996845,48.13057152602462,3.157376805051177
CSDVRP-XL-R-01-n150,XL,150,4259.810065766061,2280.412007458558,106.03793711407987,2175.2654992080734,2441.1488043005006,2345.5413967511463,57.74213217760003,2294.582048081285,2443.6982374605086,46.1341700062714,-2.85603606188571
CSDVRP-XL-R-02-n150,XL,150,4509.062770541077,2328.9704423997327,35.36578079981749,2283.983447905517,2379.0328458095737,2497.2225102747752,50.496626054859135,2420.867865403661,2555.652025601218,46.311063105622665,-7.2243110007733
CSDVRP-XL-R-03-n150,XL,150,4456.691096552012,2424.2757556580564,190.5636710334568,2162.5261933202346,2628.4318994153555,2326.7884357802304,87.27112051306287,2215.669637168078,2442.712461321065,50.2844242697847,4.021296655312363
CSDVRP-XL-R-04-n150,XL,150,4546.157189624093,2575.157598267198,154.10138857972413,2374.730093423172,2762.8194493173855,2704.1534014776507,85.3483097922103,2604.787752863831,2803.3428064564646,42.70352642427632,-5.009239174225802
CSDVRP-XL-R-05-n150,XL,150,4557.630294651713,2617.9277354566466,51.30094930167604,2529.1547798077327,2652.7757140159024,2535.5626270207226,79.41681395635777,2454.379140632091,2614.6775170400883,46.147910603625405,3.146194882325771
CSDVRP-XL-R-06-n150,XL,150,4343.224671613402,2090.035528513564,167.69309041990653,1926.4854871254724,2356.2950721655343,2176.684946021846,85.04386294658623,2072.7082691772825,2265.786650759419,52.27720355513357,-4.145834667696166
CSDVRP-XL-R-07-n150,XL,150,3773.61107764766,2131.6973665560063,119.20793226845267,1992.1983611399294,2279.9571313189654,2171.895218157396,56.58691391058027,2115.2576523709467,2266.982169151255,43.9460609785594,-1.8857203762621202
CSDVRP-XL-R-08-n150,XL,150,3951.1996071030417,2357.3313535053844,49.45090446515518,2296.91832135247,2426.071504774173,2384.482272092829,89.78717502601519,2298.6762803339607,2529.5652534274345,41.82333192679894,-1.1517650476701515
CSDVRP-XL-R-09-n150,XL,150,4079.2487276539678,2093.3965990468823,76.37535273991719,2021.8130194503058,2206.443949307938,2038.97351838212,25.557220115896257,2002.9948981867694,2067.8035968779477,50.89794636428754,2.599750123294416
CSDVRP-XL-R-10-n150,XL,150,4490.333146285727,2494.731114145892,98.40325837828043,2363.7267163985234,2578.510524565076,2507.023029729361,109.91584508370613,2411.33862985388,2664.7241183679503,46.299337904394264,-0.49271504707541003
CSDVRP-XL-C-01-n200,XL,200,4932.913697465063,2674.697983370925,127.52093434644999,2489.420028002961,2836.559976458914,2677.0503127568054,69.07065453548637,2603.989172273505,2771.7598005026966,47.21194547531514,-0.0879474767059717
CSDVRP-XL-C-02-n200,XL,200,5721.656367230304,3156.3012826680992,123.03378839170807,3013.5718768462802,3345.9570044996767,3203.4071697986815,148.4792093763974,2965.906255379462,3340.5583645767097,48.16350257652444,-1.492439501553618
CSDVRP-XL-C-03-n200,XL,200,4604.002582223372,2613.7802371492826,93.981405027074,2497.465414453097,2704.024200179986,2518.12192917259,80.55207680030868,2418.9945531065896,2606.8437499150587,47.458879314129206,3.659768584103386
CSDVRP-XL-C-04-n200,XL,200,4145.908177807877,2337.368113352368,48.38142482709863,2273.989107386966,2392.402239415379,2353.659552496254,44.125752874131905,2280.402590365392,2397.9297938153477,44.99630738153153,-0.6969992895351113
CSDVRP-XL-C-05-n200,XL,200,5695.880803769022,3295.203973721327,91.64943241305515,3158.8796392428812,3372.8672030834814,3205.7503730951053,99.26034049689103,3099.2974041922853,3332.446012121664,45.58703893274156,2.714660498700496
CSDVRP-XL-C-06-n200,XL,200,4284.466223704294,2577.18527640526,89.98165901507093,2448.231489650681,2673.954677866434,2618.538587491378,116.75258764183532,2470.6312517468546,2777.8987888161555,42.33514461900043,-1.6045920898554487
CSDVRP-XL-C-07-n200,XL,200,3985.6117218812115,2338.765811404445,173.47128090669798,2174.0804732054207,2595.4498780096233,2243.3567972795754,57.18738845770305,2168.0009868705524,2306.875623329612,45.60431025008993,4.079459929661603
CSDVRP-XL-C-08-n200,XL,200,4261.994522597234,2392.0210673284637,76.58982799399556,2309.042367574528,2485.8662469784754,2435.7990376158436,107.32272266670101,2304.0875267594456,2594.596476838176,45.93874969704681,-1.8301665852915552
CSDVRP-XL-C-09-n200,XL,200,3837.829784368268,2223.6699385196634,75.23791628559066,2119.7089364194435,2325.8823634785495,2332.219861272618,96.4875426601378,2223.41952361374,2464.461990099062,42.06570774269685,-4.881566318480613
CSDVRP-XL-C-10-n200,XL,200,4918.625017709546,2873.3445853406606,145.588682759502,2651.4302931878688,3035.5514615351663,2796.5704638912925,91.2442148749079,2710.3308268211213,2943.465712340137,44.89657542377078,2.671942719333324
CSDVRP-XL-R-01-n200,XL,200,5263.022837220327,2915.3925360361222,69.50924867304911,2804.2722043150657,2990.8187678785607,2846.221209313478,62.99827574548992,2758.598957391572,2916.5592369998412,47.585274799063384,2.372624813559141
CSDVRP-XL-R-02-n200,XL,200,5201.708058964986,2767.839954603327,95.40669896821883,2680.8516599875147,2889.8713599701814,2775.00713469753,97.17054439020305,2663.4135677776576,2901.516004868312,48.79732700132324,-0.2589448888575737
CSDVRP-XL-R-03-n200,XL,200,5302.25493033586,2922.0266738672685,118.5699966735796,2772.629686603409,3080.6679294044966,2858.4536808278635,77.02242257847072,2770.664171226401,2926.889689235302,47.74554962692262,2.1756472522294557
CSDVRP-XL-R-04-n200,XL,200,5617.0779385297765,3043.724415474094,35.85230643489868,3000.6914628024574,3083.3182679278184,3114.505083526862,55.83957895556873,3050.9475211193703,3186.8867008618354,45.684436739043534,-2.3254624397965884
CSDVRP-XL-R-05-n200,XL,200,5251.636088257907,2914.94768064447,78.27586543438359,2830.809971908254,3042.7956776831084,2748.4545613062337,89.90375976580184,2643.094072947037,2886.156236616795,49.671035301613706,5.711701806648758
CSDVRP-XL-R-06-n200,XL,200,5306.637468801715,3091.3801656763044,102.76426291488582,2985.5613369772777,3232.2222423429953,3156.4852962475184,101.00274045655158,3051.3028393378095,3284.523124784211,42.50025826567685,-2.106021488203825
CSDVRP-XL-R-07-n200,XL,200,5720.948522671216,3197.5033155066008,79.25546373991214,3103.261221152275,3292.7094119544454,3077.6525889760073,86.16055050607694,2996.8003922109137,3181.8782354252207,47.61707118434877,3.748259648375211
CSDVRP-XL-R-08-n200,XL,200,5567.016090605588,2879.8695207464834,137.96250769927306,2711.068719956888,3011.7437410202565,2786.7276520884307,58.91126641052518,2731.113670259352,2874.4041894613893,50.94115724098334,3.234239189902941
CSDVRP-XL-R-09-n200,XL,200,5230.453572612438,3002.0626860784528,21.23882768379679,2981.8929353652456,3037.3483265949476,3032.293194291022,27.852823707603864,2986.720180969568,3051.4653289912085,42.89749178525256,-1.0069912381496156
CSDVRP-XL-R-10-n200,XL,200,5706.787286371791,2935.9979416007745,63.21266484242094,2877.2688124807933,3010.727703414949,2776.063022418189,96.7566145558508,2706.195859738801,2936.640133161014,52.579345892190744,5.447378450660125
